Prediction reliability,BeMF,DirMF,PMF,DeepMF,NCF
0,1,1,1,1,1
0.1,1,1,1,1,1
0.2,1,1,1,1,1
0.3,0.96979075557,0.37073044921,1,1,1
0.4,0.69270447868,0.05475565722,1,1,1
0.5,0.29774159546,0.00376774541,1,1,1
0.6,0.10553051201,0,1,1,1
0.7,0.03610756016,0,1,1,1
0.8,0.00974455583,0,1,1,1
0.9,0.00136805042,0,1,1,1
