Prediction reliability,BeMF,DirMF,PMF,DeepMF,NCF
0,1,1,1,1,1
0.1,1,1,1,1,1
0.2,0.95494856332,0.28485278468,1,1,1
0.3,0.77758070238,0.00035473572,1,1,1
0.4,0.47995743171,0,1,1,1
0.5,0.24583185527,0,1,1,1
0.6,0.13409010287,0,1,1,1
0.7,0.06598084427,0,1,1,1
0.8,0.03511883647,0,1,1,1
0.9,0.01667257893,0,1,1,1
